CpG_pos,CpG_name,Coefficient
(Intercept),(Intercept),84.53597856
chr11:82732394:82732395,cg13806741,5.728785745
chr8:84183802:84183803,cg00034076,5.726879202
chr14:79282298:79282299,cg24020215,4.835840264
chr2:286830:286831,cg25710298,4.76580644
chr7:35258780:35258781,cg08732352,4.737673873
chr13:103067356:103067357,cg22971191,4.552122015
chr19:57527205:57527206,cg06458239,4.297955212
chr2:163733762:163733763,cg01620164,-4.195150431
chr4:98613025:98613026,cg25841008,4.174154619
chr3:51707457:51707458,cg21213853,3.760101067
chr22:17370970:17370971,cg07639287,3.448412636
chr16:69709998:69709999,cg09636661,-3.330558373
chr8:90082619:90082620,cg26290632,3.277079817
chr11:94649181:94649182,cg23460961,-3.214049446
chr1:207823675:207823676,cg10501210,-3.196632335
chr3:154324989:154324990,cg01542719,-3.068779911
chr1:64155142:64155143,cg15481583,-3.000274569
chr7:131323984:131323985,cg03473532,-2.933984819
chr11:123069749:123069750,cg18587063,-2.914913155
chr2:66421665:66421666,cg22943590,-2.862912382
chr17:3476273:3476274,cg02228185,-2.784315867
chr1:193463111:193463112,cg15711508,-2.762330928
chr1:56180835:56180836,cg14614643,-2.662727185
chr2:66427512:66427513,cg11807280,-2.630823268
chr8:42894032:42894033,cg01486610,-2.4821023
chr5:64165389:64165390,cg17621438,-2.476455285
chr2:144520918:144520919,cg00573770,-2.365375703
chr12:107901117:107901118,cg14829814,-2.27077327
chr12:97757601:97757602,cg08993878,-2.265874865
chr3:141293904:141293905,cg18685879,-2.259182966
chr12:122890184:122890185,cg23328556,2.179437848
chr3:142169384:142169385,cg11491284,-2.156199565
chr5:64165405:64165406,cg07850154,-2.037984265
chr18:44682015:44682016,cg24217948,-1.98919358
chr2:189582681:189582682,cg14898223,-1.966591245
chr2:163348678:163348679,cg06372850,1.947907774
chr2:161424600:161424601,cg12757011,1.900071375
chr5:141401612:141401613,cg26879386,1.850916044
chr1:231419776:231419777,cg07040244,1.798498837
chr1:90730931:90730932,cg07158747,1.785240834
chr10:119575661:119575662,cg19991948,-1.783944253
chr5:54470041:54470042,cg01606885,-1.745808418
chr5:141373882:141373883,cg26843711,1.720355011
chr6:17988517:17988518,cg05463027,-1.704280934
chr5:172664813:172664814,cg12598025,-1.608844519
chr15:50058235:50058236,cg21670987,-1.604145539
chr14:64542787:64542788,cg18486590,1.560961764
chr10:32056938:32056939,cg14776578,-1.535322716
chr3:180911735:180911736,cg01816191,-1.527972361
chr19:15420059:15420060,cg13640414,-1.505571113
chr3:154324822:154324823,cg15277914,-1.493528663
chr6:147207385:147207386,cg13001142,-1.468321008
chr17:42682145:42682146,cg11653233,1.449387046
chr2:130337254:130337255,cg01331772,1.446559514
chr18:80107989:80107990,cg26914205,-1.439702561
chr16:73056939:73056940,cg05915866,-1.418209486
chr20:64047902:64047903,cg01355392,1.417104393
chr5:151924796:151924797,cg00059225,1.403830767
chr4:153793700:153793701,cg01450725,1.396829325
chr17:42659032:42659033,cg27541691,1.392067252
chr17:7613570:7613571,cg17832704,-1.377377409
chr20:11918203:11918204,cg18808904,1.340870206
chr12:81074453:81074454,cg01528542,-1.334276396
chr2:144359066:144359067,cg18826637,-1.332214816
chr6:19311799:19311800,cg26565054,1.325789694
chr11:61965186:61965187,cg02315732,-1.31858959
chr1:19600356:19600357,cg01534871,1.314355511
chr3:147408419:147408420,cg16181396,1.303846677
chr12:57008013:57008014,cg00753885,-1.295265938
chr14:28778130:28778131,cg03796729,1.276596087
chr19:51700468:51700469,cg24481841,-1.271665025
chr1:154479717:154479718,cg06759781,-1.265339662
chr3:147408155:147408156,cg23449696,1.2362155
chr4:109298907:109298908,cg11165912,-1.227701117
chr5:93594346:93594347,cg17481903,1.211844563
chr15:84982967:84982968,cg02903680,-1.209312657
chr11:35616850:35616851,cg11741201,-1.206431892
chr21:34526677:34526678,cg05156137,-1.179062261
chr17:42019722:42019723,cg22361181,-1.169612948
chr3:147407927:147407928,cg17546247,1.163346443
chr3:143848650:143848651,cg15360181,-1.156291899
chr6:28266827:28266828,cg04861640,-1.147794369
chr6:14037383:14037384,cg17593342,-1.137447885
chr7:30323165:30323166,cg07568841,-1.136938887
chr7:93920656:93920657,cg02914800,-1.124753866
chr12:111812991:111812992,cg19848940,-1.123729945
chr10:51244548:51244549,cg05131940,-1.108969851
chr12:3151008:3151009,cg14753631,1.105057453
chr1:61081459:61081460,cg10628205,-1.09909622
chr7:92293880:92293881,cg15304674,-1.085233921
chr13:46896722:46896723,cg15894389,-1.073711968
chr3:195546486:195546487,cg05649077,-1.072896939
chr2:62200947:62200948,cg19493651,1.04813705
chr10:57628841:57628842,cg26070426,-1.024309634
chr7:130997480:130997481,cg00911776,-1.014078761
chr10:78304034:78304035,cg24711336,-0.99696753
chr19:35936108:35936109,cg01023751,-0.964908141
chr1:28438520:28438521,cg00956142,-0.962747079
chr2:150911834:150911835,cg07201475,0.959549235
chr8:115666355:115666356,cg09233395,-0.930680302
chr3:155703946:155703947,cg01671681,-0.92112154
chr13:101529761:101529762,cg23525360,0.914373716
chr3:181724349:181724350,cg10901368,0.908222311
chr9:77907592:77907593,cg14397813,0.897010961
chr16:73070489:73070490,cg04017036,-0.876083968
chr17:48526873:48526874,cg21901395,-0.874151711
chr12:88409386:88409387,cg20107346,0.87141449
chr2:19361948:19361949,cg01196788,0.870435488
chr5:127230006:127230007,cg22551065,-0.862037649
chr10:70403785:70403786,cg20621021,-0.86109341
chr8:48979650:48979651,cg25439632,-0.850604134
chr2:163605094:163605095,cg11442280,0.845967915
chr19:45682090:45682091,cg02942825,-0.837754889
chr2:69139749:69139750,cg14701074,-0.828910705
chr13:100129081:100129082,cg19024980,0.811640319
chr12:14774142:14774143,cg03111818,0.810128905
chr11:119103917:119103918,cg10493324,-0.789705402
chr5:16510380:16510381,cg04015687,0.785769318
chr10:121483981:121483982,cg03552039,-0.783858444
chr13:48413029:48413030,cg03646329,0.780922498
chr5:180388975:180388976,cg14314729,-0.774877967
chr3:64494281:64494282,cg19984681,0.769789959
chr1:55988057:55988058,cg12628061,-0.761298194
chr12:81079455:81079456,cg11649376,-0.754433732
chr3:14261631:14261632,cg08468401,-0.745936893
chr18:23133795:23133796,cg22158648,-0.741960134
chr1:236394382:236394383,cg09809672,-0.726526191
chr6:155449252:155449253,cg23100720,-0.718693782
chr19:44260227:44260228,cg10850725,0.71309977
chr4:155758385:155758386,cg13730841,-0.712499343
chr4:168710462:168710463,cg14069287,-0.710562437
chr2:137969647:137969648,cg06162038,-0.690893222
chr11:66026881:66026882,cg14894216,-0.680953417
chr1:65264811:65264812,cg09082287,0.676367397
chr20:31513982:31513983,cg02151301,-0.66722906
chr12:84508733:84508734,cg09278098,0.664418799
chr4:6221736:6221737,cg05337137,0.656542569
chr5:2750049:2750050,cg26578682,0.639406615
chr16:88611235:88611236,cg04377850,0.637951443
chr16:30012459:30012460,cg07041748,0.636085113
chr7:35038657:35038658,cg24927974,-0.633359935
chr10:22318679:22318680,cg01364769,-0.627186158
chr6:96563027:96563028,cg03043157,-0.621255711
chr1:202281325:202281326,cg13385220,-0.619099984
chr14:28765684:28765685,cg26194477,0.607437219
chr20:52975638:52975639,cg10373607,-0.607378053
chr6:113857328:113857329,cg09816912,0.605056082
chr5:64165544:64165545,cg10012394,-0.601357213
chr13:67061980:67061981,cg13798384,0.596708253
chr15:54012581:54012582,cg06530558,-0.585163974
chr1:64136971:64136972,cg07797372,-0.581182825
chr5:166981479:166981480,cg07219494,-0.578078283
chr2:63049081:63049082,cg06192497,0.575660585
chr2:26692487:26692488,cg18327056,0.572923244
chr11:122189557:122189558,cg17389813,0.571826095
chr15:79970790:79970791,cg21234506,-0.566582451
chr11:118304457:118304458,cg27354586,0.566024338
chr3:71586934:71586935,cg06479142,-0.565246344
chr3:169323798:169323799,cg01787382,-0.538373547
chr4:61263948:61263949,cg15847685,0.529512853
chr13:33178407:33178408,cg16411103,-0.523815073
chr14:78850075:78850076,cg15320277,0.522696669
chr14:91285429:91285430,cg17002328,0.51962143
chr14:28769525:28769526,cg12150366,0.514474128
chr17:11601852:11601853,cg06852243,0.514344583
chr3:79016612:79016613,cg15442678,-0.514212917
chr5:172282300:172282301,cg26992634,0.510996128
chr13:83449882:83449883,cg03853945,-0.509890312
chr20:6770788:6770789,cg23534245,-0.505353021
chr7:90402035:90402036,cg08702344,-0.500490077
chr11:35140353:35140354,cg23186333,-0.49779422
chr16:56729661:56729662,cg09308553,-0.497526974
chr3:58490106:58490107,cg03530962,-0.492010439
chr7:93921469:93921470,cg08038054,-0.485892122
chr2:207620771:207620772,cg15035973,-0.481328187
chr1:27915170:27915171,cg00292669,0.477867835
chr19:47512763:47512764,cg23314866,-0.476652874
chr6:135851549:135851550,cg04152196,0.465983589
chr14:43471757:43471758,cg10033475,-0.463154358
chr1:169629974:169629975,cg01459453,-0.462691185
chr2:212031248:212031249,cg08955099,-0.460441694
chr4:174212000:174212001,cg07177380,0.456451614
chr2:237415397:237415398,cg08170141,-0.450594409
chr2:99154548:99154549,cg06240854,-0.447401886
chr11:35404004:35404005,cg19112204,-0.434607727
chr11:34998126:34998127,cg13226308,-0.434244728
chr5:166369375:166369376,cg04453138,0.42899797
chr7:41696253:41696254,cg09124496,-0.428924715
chr11:58023446:58023447,cg01890712,0.428075016
chr1:108660646:108660647,cg11947712,0.421680152
chr13:76887233:76887234,cg00931644,0.419871294
chr3:118987801:118987802,cg00329615,-0.41828283
chr4:15340254:15340255,cg00076653,-0.417064263
chr16:85901950:85901951,cg07955474,-0.416689317
chr19:18590510:18590511,cg21977234,0.416544929
chr12:40225480:40225481,cg10860819,-0.415499763
chr1:183830289:183830290,cg20384240,0.414917935
chr2:55694728:55694729,cg25620797,0.413602713
chr1:157819872:157819873,cg09340639,-0.412183413
chr11:19240332:19240333,cg26690592,0.40914089
chr3:101072540:101072541,cg10123952,-0.40840832
chr1:213987505:213987506,cg23992410,0.408392112
chr13:31014641:31014642,cg06872019,0.407628262
chr6:7540833:7540834,cg03814872,0.40448243
chr1:205285395:205285396,cg10529555,-0.400590794
chr5:84602890:84602891,cg10874644,-0.397530431
chr10:104077019:104077020,cg22796593,-0.396555298
chr17:59368370:59368371,cg10948088,0.395026571
chr2:37343461:37343462,cg00881168,-0.394410333
chr3:147408966:147408967,cg02519751,0.390237313
chr20:1224734:1224735,cg27346545,-0.386918217
chr8:94947303:94947304,cg01824466,0.384826239
chr7:19775686:19775687,cg15565306,-0.384806395
chr11:58527050:58527051,cg08643824,-0.380780414
chr14:30558609:30558610,cg18580322,-0.380561603
chr17:48608086:48608087,cg07547765,0.373350808
chr12:78800778:78800779,cg21272713,-0.372739927
chr6:89082958:89082959,cg21288889,0.37115619
chr7:131108973:131108974,cg05632420,-0.36926551
chr17:48575139:48575140,cg02836478,-0.368695674
chr14:89616931:89616932,cg15821562,0.367279488
chr6:158819742:158819743,cg13026729,0.366974628
chr15:49146195:49146196,cg11748880,-0.366811842
chr2:63049048:63049049,cg22197050,0.36488583
chr1:3352688:3352689,cg27187555,-0.357572982
chr4:13541095:13541096,cg07937271,0.355910746
chr10:102641739:102641740,cg14909500,0.352605273
chr8:17697793:17697794,cg00121389,-0.352409132
chr1:155378354:155378355,cg13855589,0.351460488
chr7:159142955:159142956,cg05144285,0.344005034
chr3:113441707:113441708,cg07054641,0.34361716
chr3:45845365:45845366,cg06038444,-0.339997172
chr22:39900403:39900404,cg00594278,0.33873931
chr1:174875259:174875260,cg13130398,-0.337945727
chr4:159106335:159106336,cg21058391,0.337192022
chr4:88378581:88378582,cg09168222,-0.337091138
chr5:136211884:136211885,cg23915282,-0.335853658
chr7:23464159:23464160,cg09087961,-0.335822736
chr13:110116146:110116147,cg00593462,0.334342954
chr1:114219172:114219173,cg16008966,-0.331440349
chr1:81800284:81800285,cg16678153,0.327091787
chr7:32299885:32299886,cg16888547,-0.326596408
chr17:41687987:41687988,cg22156456,-0.326183676
chr1:26409139:26409140,cg23605843,0.326053285
chr3:11060655:11060656,cg20669012,-0.315800063
chr14:91285387:91285388,cg00787180,0.314713164
chr10:45595268:45595269,cg18980469,-0.310550147
chr3:147407500:147407501,cg13278496,0.310024236
chr3:148991034:148991035,cg18599996,-0.308730546
chr12:21437371:21437372,cg21962791,-0.306673916
chr12:96489279:96489280,cg06492796,-0.305566537
chr8:80170660:80170661,cg21250232,-0.300610595
chr18:61551564:61551565,cg00095259,-0.298718713
chr1:28438343:28438344,cg23847017,-0.296058274
chr7:66281865:66281866,cg03193328,-0.295439503
chr2:118309976:118309977,cg03584544,0.295149661
chr11:9363276:9363277,cg08089449,-0.294738532
chr14:23009761:23009762,cg03565081,0.293327773
chr3:28240454:28240455,cg18480675,-0.29233302
chr2:37982551:37982552,cg18406708,-0.287829961
chr7:129169601:129169602,cg03575641,0.287764683
chr2:163348522:163348523,cg26343883,0.280324892
chr15:101213672:101213673,cg12361046,0.279389646
chr3:127626270:127626271,cg08822136,0.278538215
chr7:72335427:72335428,cg00277397,-0.27839895
chr14:50860886:50860887,cg19590421,-0.278329879
chr2:63057649:63057650,cg22303418,0.27527951
chr17:48576349:48576350,cg11971423,-0.271889663
chr17:79793285:79793286,cg17280106,0.266996014
chr2:118185062:118185063,cg01528913,-0.261869232
chr7:137538671:137538672,cg00029246,0.261754728
chr6:44266389:44266390,cg03822267,0.261564182
chr5:124791170:124791171,cg01876548,0.261425632
chr13:46896658:46896659,cg20102280,-0.259905065
chr5:149581973:149581974,cg02637352,-0.259623279
chr17:48997351:48997352,cg10251328,-0.25931493
chr11:60715701:60715702,cg23208430,-0.258423172
chr8:22059124:22059125,cg14837598,-0.25776158
chr8:91249561:91249562,cg14714537,-0.257576104
chr5:159099634:159099635,cg17009297,0.255598818
chr10:70403719:70403720,cg04200607,-0.254071597
chr7:78400695:78400696,cg19366753,0.254032873
chr6:44772028:44772029,cg13999585,0.253532286
chr4:74097395:74097396,cg01470535,0.25326839
chr12:104604753:104604754,cg16861964,0.253006175
chr5:141343888:141343889,cg06742719,0.251042267
chr1:244054260:244054261,cg01983216,0.25100138
chr4:25656006:25656007,cg21200703,0.249286625
chr6:106003735:106003736,cg04105923,-0.248533062
chr17:48607991:48607992,cg23669081,0.243761871
chr4:112147920:112147921,cg09451574,0.243399149
chr7:147207113:147207114,cg11207515,-0.241334627
chr4:110630486:110630487,cg01951086,0.240027118
chr7:4739277:4739278,cg23752752,0.23867825
chr5:166992950:166992951,cg23510764,-0.23850422
chr15:41659497:41659498,cg13883633,0.237435924
chr3:122793323:122793324,cg16595484,-0.235143619
chr6:159691600:159691601,cg13221458,-0.234950933
chr7:149087604:149087605,cg06385584,0.232895264
chr8:90579929:90579930,cg02303505,-0.232275868
chr8:16779933:16779934,cg10088890,-0.230700619
chr20:58849466:58849467,cg10546626,-0.230320996
chr15:71186994:71186995,cg03454017,-0.226217466
chr1:151067929:151067930,cg03258749,-0.223781722
chr17:48607930:48607931,cg18773260,0.223593643
chr13:75760730:75760731,cg12166476,-0.222805617
chr6:28141461:28141462,cg01566283,-0.222538938
chr6:154370806:154370807,cg25296374,-0.222352197
chr10:98134321:98134322,cg23108673,-0.222136895
chr3:9977356:9977357,cg14583999,-0.222063521
chr7:150721153:150721154,cg23713249,0.221584667
chr5:139197739:139197740,cg05237436,-0.220598867
chr5:141426165:141426166,cg05670472,0.22058099
chr11:23112977:23112978,cg14480266,0.220093103
chr3:153138984:153138985,cg15034393,0.219853584
chr6:2749979:2749980,cg03359540,0.219613271
chr5:139903466:139903467,cg19583819,0.219044335
chr18:77108537:77108538,cg16762684,-0.218281062
chr2:157328023:157328024,cg21563471,-0.215279376
chr13:114314017:114314018,cg10893437,-0.214823361
chr14:52266498:52266499,cg18369034,-0.212090225
chr17:61454335:61454336,cg12597983,0.208079233
chr4:36209101:36209102,cg22518157,0.206800442
chr4:139907892:139907893,cg20054111,-0.204645976
chr11:50268305:50268306,cg01884522,-0.204309293
chr11:58360471:58360472,cg05655457,-0.201608604
chr11:30481389:30481390,cg01438090,-0.20120857
chr2:102621607:102621608,cg26829418,-0.200481134
chr14:47044571:47044572,cg26010412,-0.199766774
chr5:128965003:128965004,cg20103758,0.199486151
chr14:56120915:56120916,cg01208566,-0.199457333
chr5:73302365:73302366,cg25113089,0.199305049
chr15:77119640:77119641,cg05673287,-0.19879439
chr16:77963405:77963406,cg04591018,0.198659337
chr11:34750371:34750372,cg23201812,-0.198385726
chr11:4680594:4680595,cg10905180,-0.19823134
chr6:170221469:170221470,cg11521470,0.198062536
chr15:45376812:45376813,cg10760299,0.197994584
chr6:121334237:121334238,cg23832497,-0.197569241
chr1:56256123:56256124,cg04084354,0.196242117
chr3:172039287:172039288,cg12408494,-0.195326184
chr4:71268343:71268344,cg06121226,-0.195152769
chr11:77548551:77548552,cg25838150,-0.193519037
chr7:122457690:122457691,cg14371343,0.192773839
chr22:17501964:17501965,cg05657292,-0.192746695
chr1:160081297:160081298,cg06808585,-0.191078362
chr3:108821560:108821561,cg27572854,-0.191072927
chr2:150613323:150613324,cg08558886,-0.190316904
chr17:35374757:35374758,cg00080081,-0.190278275
chr1:92951425:92951426,cg08893087,-0.190036118
chr6:34791241:34791242,cg11304212,0.189453529
chr6:112912499:112912500,cg05817833,0.18892004
chr4:7763222:7763223,cg18375902,-0.188523951
chr6:166556764:166556765,cg17501210,-0.187633208
chr2:187404716:187404717,cg00449067,0.187375992
chr5:95960036:95960037,cg06532574,0.18707138
chr14:78986096:78986097,cg23949782,0.185008728
chr20:43508030:43508031,cg03486259,0.184995602
chr13:112065930:112065931,cg15235798,0.184313127
chr2:234966551:234966552,cg19998400,-0.184223758
chr1:11063061:11063062,cg04885881,-0.184073522
chr1:21620944:21620945,cg03132729,-0.18401777
chr10:116256049:116256050,cg25039498,0.183126701
chr6:146857881:146857882,cg04052934,-0.183059684
chr18:6411388:6411389,cg22163535,-0.182946312
chr1:39025787:39025788,cg07388493,-0.182547683
chr6:36929865:36929866,cg00408678,0.182331045
chr8:73001683:73001684,cg26925981,0.181901641
chr2:168583849:168583850,cg20445053,0.181451663
chr7:100407877:100407878,cg08713098,-0.179206538
chr16:73056747:73056748,cg06086177,-0.179117589
chr3:99499326:99499327,cg02646433,-0.178862887
chr22:50089750:50089751,cg18638931,0.178726181
chr1:90717494:90717495,cg25026529,0.178523553
chr6:87151543:87151544,cg05316627,-0.178002317
chr4:41256357:41256358,cg18889780,0.177776153
chr10:35761872:35761873,cg14416456,-0.177084085
chr5:168086451:168086452,cg05207048,0.176485337
chr1:78237896:78237897,cg11842367,0.176393053
chr4:149910851:149910852,cg26811385,0.176067284
chr12:47393284:47393285,cg18786123,-0.175902094
chr10:101238905:101238906,cg04886846,0.175897176
chr14:36600586:36600587,cg26139559,0.175814027
chr12:19546570:19546571,cg05694021,-0.175092041
chr12:99170495:99170496,cg24305861,-0.174961128
chr2:161421662:161421663,cg08314300,0.174213412
chr3:47827647:47827648,cg10257332,-0.173936095
chr17:66304784:66304785,cg15519474,-0.17301201
chr3:147408334:147408335,cg12419052,0.172800989
chr8:132483377:132483378,cg22042348,-0.172647649
chr18:8717115:8717116,cg26200598,0.172530118
chr6:44342028:44342029,cg03894990,-0.1724803
chr5:75052362:75052363,cg21158502,-0.172453321
chr5:97141798:97141799,cg10420838,-0.170749736
chr18:3447018:3447019,cg07529654,0.169832855
chr9:113808039:113808040,cg14257429,-0.169143729
chr1:90717220:90717221,cg18322569,0.167425085
chr2:219175849:219175850,cg04955914,-0.167292862
chr8:140791208:140791209,cg12075928,-0.166871725
chr17:48579984:48579985,cg26916621,-0.166790102
chr1:67790478:67790479,cg17168836,-0.166772953
chr13:97222025:97222026,cg17188384,0.165268844
chr5:141373975:141373976,cg18054674,0.164955501
chr4:53491149:53491150,cg23664174,-0.164431122
chr15:69159981:69159982,cg00309133,0.163587661
chr13:112071744:112071745,cg10987597,0.163525325
chr15:24848374:24848375,cg22678136,0.163222003
chr8:93845456:93845457,cg16581455,-0.162561777
chr19:51926727:51926728,cg00008033,0.16250674
chr11:77457469:77457470,cg22974467,0.161779322
chr15:99019801:99019802,cg12290217,-0.160159127
chr5:61603306:61603307,cg09798077,-0.160075256
chr15:101382622:101382623,cg01889899,-0.159995614
chr3:171776976:171776977,cg12782294,0.159333196
chr3:194140252:194140253,cg02524863,-0.159187614
chr3:37177586:37177587,cg22985146,0.158787289
chr15:62486390:62486391,cg13893720,-0.157544244
chr5:152392045:152392046,cg07429087,-0.157424314
chr11:113729130:113729131,cg11067407,0.156221422
chr14:66496910:66496911,cg00791868,0.155866631
chr17:73829361:73829362,cg00959298,-0.154903714
chr5:141384133:141384134,cg04160343,0.154220745
chr11:61800623:61800624,cg16328381,-0.152168236
chr3:100335430:100335431,cg10731256,-0.151000483
chr2:5694506:5694507,cg16330247,0.150973729
chr17:66365838:66365839,cg23378941,0.149357854
chr4:181941217:181941218,cg00655552,-0.147763029
chr4:110614868:110614869,cg13891768,0.147687862
chr14:88155194:88155195,cg16288101,0.147328813
chr4:167235316:167235317,cg03838769,-0.147254449
chr14:56799311:56799312,cg18916060,0.146815653
chr15:62067340:62067341,cg08200404,0.146580422
chr10:74176000:74176001,cg18786171,0.146555601
chr10:122254157:122254158,cg26763486,-0.146517596
chr22:46077463:46077464,cg27214856,0.145767581
chr6:139588504:139588505,cg07201319,-0.145698171
chr9:134593536:134593537,cg13699245,-0.145683659
chr6:98827459:98827460,cg18018027,0.14440061
chr2:134305305:134305306,cg20957396,0.144183223
chr3:137163907:137163908,cg12473849,-0.143693271
chr2:236014810:236014811,cg11007962,0.143216509
chr11:36109772:36109773,cg14180029,0.14303821
chr6:71421096:71421097,cg03318695,0.142644208
chr2:144520997:144520998,cg00602811,-0.142347795
chr16:86855130:86855131,cg16622061,0.142245705
chr1:164690429:164690430,cg06221087,-0.14213673
chr1:85199761:85199762,cg01233392,-0.140002885
chr15:92898989:92898990,cg06572974,0.140001122
chr15:41659745:41659746,cg06891458,0.138776455
chr13:59112542:59112543,cg22140866,-0.138221304
chr12:7689793:7689794,cg18607010,-0.137527622
chr2:64405502:64405503,cg14209730,0.137186931
chr12:85280916:85280917,cg00765312,0.136250795
chr3:157088355:157088356,cg11979011,-0.136238363
chr9:93245248:93245249,cg21194517,-0.135766541
chr2:172783217:172783218,cg22900476,-0.135432362
chr3:129441769:129441770,cg27193080,0.134864857
chr2:24512429:24512430,cg11532433,0.134729855
chr3:137774087:137774088,cg15062059,0.134667844
chr6:110359053:110359054,cg16655765,-0.134583521
chr15:59995883:59995884,cg22724998,0.134034143
chr19:57527217:57527218,cg10729426,0.133969751
chr3:57094108:57094109,cg01797381,0.133157765
chr17:15502628:15502629,cg13745832,-0.132818134
chr4:153789809:153789810,cg07999845,0.132116165
chr2:85772750:85772751,cg26337070,-0.131727691
chr7:27144331:27144332,cg03207666,0.13141424
chr7:959345:959346,cg04403850,-0.130510794
chr6:17599927:17599928,cg23181159,-0.129753948
chr6:36677723:36677724,cg21091547,-0.129587339
chr16:66354445:66354446,cg10424974,-0.129431104
chr2:105432335:105432336,cg03674282,0.128833938
chr11:57657041:57657042,cg03742567,-0.128784096
chr1:8707288:8707289,cg06159269,-0.1276335
chr5:100897426:100897427,cg01557147,0.127537208
chr1:228393704:228393705,cg06829788,-0.127526874
chr11:19203112:19203113,cg14704941,-0.126890556
chr5:5521647:5521648,cg07880190,-0.126863218
chr6:5174413:5174414,cg13962347,0.126634863
chr10:75772571:75772572,cg19220719,-0.125848714
chr4:158173365:158173366,cg03996539,-0.125637606
chr4:114485814:114485815,cg16701124,-0.125333593
chr7:52114607:52114608,cg23557755,0.125114702
chr2:26412723:26412724,cg18986925,0.124721686
chr15:80694018:80694019,cg13026773,0.123515721
chr1:51516997:51516998,cg04542977,0.123487768
chr3:4306660:4306661,cg21815337,0.123330948
chr8:81094182:81094183,cg09973676,0.123132487
chr11:96137250:96137251,cg18219522,0.12300829
chr4:128660711:128660712,cg16001165,0.122230277
chr8:86510447:86510448,cg11389953,-0.121747053
chr1:172444472:172444473,cg08587864,-0.121521022
chr10:79007379:79007380,cg18237330,0.120287313
chr5:64165478:64165479,cg23008153,-0.119472868
chr14:38210747:38210748,cg04265797,0.119129437
chr17:3475989:3475990,cg12317815,-0.118981038
chr1:19448495:19448496,cg01832549,0.11894552
chr16:56520401:56520402,cg00876127,-0.118469569
chr7:108156631:108156632,cg00280235,0.118196553
chr11:4578407:4578408,cg07850246,0.117953696
chr3:78976919:78976920,cg01375651,-0.117737195
chr4:9988424:9988425,cg13841979,-0.117459838
chr6:112331106:112331107,cg06529600,0.117445385
chr3:188284941:188284942,cg16464007,-0.117209082
chr3:111594218:111594219,cg23670794,0.117102919
chr2:106890393:106890394,cg21681705,-0.117098205
chr2:79139838:79139839,cg00689213,-0.116717398
chr14:55270911:55270912,cg18427465,-0.116634148
chr12:57826034:57826035,cg09263904,-0.116575898
chr12:7788256:7788257,cg12688240,0.116134672
chr6:155315691:155315692,cg00297912,0.115607708
chr3:149370601:149370602,cg02857726,-0.115518915
chr13:90009065:90009066,cg24629663,0.11494459
chr16:56961827:56961828,cg26624021,0.114905938
chr2:187890113:187890114,cg25202000,0.114890331
chr11:120807738:120807739,cg14462402,0.11455171
chr2:86788690:86788691,cg24345747,0.114518219
chr7:36964785:36964786,cg01579884,0.11441732
chr7:130490105:130490106,cg17706086,0.114337821
chr11:94638851:94638852,cg13567405,-0.113816957
chr1:166167579:166167580,cg19708554,-0.11376956
chr4:41428650:41428651,cg11076306,-0.11362002
chr12:27462456:27462457,cg12143499,-0.113473576
chr1:156126091:156126092,cg15447017,-0.113446178
chr7:123749981:123749982,cg00480856,-0.113258096
chr16:27199674:27199675,cg02097429,-0.112586456
chr3:9365276:9365277,cg24817003,-0.112114949
chr3:172876087:172876088,cg23344706,-0.11198223
chr5:120466327:120466328,cg01256539,-0.111901058
chr1:244054026:244054027,cg03883331,0.111110026
chr7:23473420:23473421,cg00589520,-0.110737739
chr11:76824520:76824521,cg25625514,-0.110142856
chr18:58675873:58675874,cg03254534,-0.109272583
chr7:4137719:4137720,cg21005410,-0.108010077
chr7:94909091:94909092,cg06445343,0.108000047
chr4:53716658:53716659,cg10129391,0.107673244
chr21:30216343:30216344,cg06427867,-0.107493704
chr15:77180074:77180075,cg23387863,-0.107004221
chr14:90396274:90396275,cg18087520,-0.106959557
chr7:150319981:150319982,cg12411994,-0.106821037
chr3:147409406:147409407,cg05073035,0.106169057
chr10:92592198:92592199,cg22508615,0.104797201
chr1:4638356:4638357,cg07807395,-0.104795407
chr20:18587643:18587644,cg21365364,-0.104315654
chr5:14323303:14323304,cg24686236,-0.104231059
chr1:150281431:150281432,cg15642292,0.104229716
chr1:45679082:45679083,cg27171835,0.104156423
chr2:236114096:236114097,cg23467747,0.103799594
chr16:68737041:68737042,cg17655614,0.10321409
chr1:61056701:61056702,cg25369553,0.101824204
chr12:26127324:26127325,cg27574223,0.101644208
chr15:73114316:73114317,cg10596537,0.100725759
chr4:156771693:156771694,cg19518666,-0.100717748
chr1:240465746:240465747,cg13966628,-0.098666184
chr15:101724942:101724943,cg22930275,0.098381235
chr17:43908462:43908463,cg20629183,0.098111853
chr21:38802867:38802868,cg13472610,0.098096009
chr3:154324788:154324789,cg17054900,-0.098069808
chr12:103445128:103445129,cg02619087,0.097740757
chr13:42781603:42781604,cg13237945,-0.097387536
chr11:116967701:116967702,cg17464820,0.09711605
chr10:89414054:89414055,cg06376949,-0.096966724
chr14:21723135:21723136,cg01567771,-0.096702129
chr13:44368167:44368168,cg04308040,0.096658585
chr2:195561454:195561455,cg05418915,-0.09662651
chr16:68299791:68299792,cg00415057,-0.096600298
chr1:207499351:207499352,cg26886965,-0.096455179
chr12:4814264:4814265,cg18126060,-0.096448043
chr2:61905295:61905296,cg14305711,-0.096194146
chr7:112771411:112771412,cg17892629,0.095694213
chr7:111239359:111239360,cg02729030,-0.095613055
chr2:119219188:119219189,cg06832677,0.095096033
chr17:70855742:70855743,cg26893699,0.094834969
chr2:5886740:5886741,cg17265300,0.094797354
chr8:27772988:27772989,cg26534677,-0.094237875
chr1:151326478:151326479,cg01974375,-0.094135701
chr6:21600254:21600255,cg13276502,0.094111974
chr12:54260306:54260307,cg10151085,0.093026961
chr12:107774192:107774193,cg08823894,0.092886968
chr13:95300648:95300649,cg26685941,-0.092766494
chr8:115648836:115648837,cg04656070,-0.092242318
chr15:96325628:96325629,cg17826834,0.091806226
chr2:171158351:171158352,cg24772525,-0.090998461
chr2:190791692:190791693,cg26191447,-0.090818087
chr15:92665690:92665691,cg08104146,-0.09062275
chr13:95280843:95280844,cg16708465,-0.090206941
chr3:168049831:168049832,cg15711521,-0.089911702
chr6:48428499:48428500,cg13667488,0.089883099
chr6:153092966:153092967,cg24028809,0.089480857
chr13:75318479:75318480,cg25808094,-0.089375909
chr1:113392349:113392350,cg19510626,-0.089359491
chr13:48652985:48652986,cg21586223,0.08927721
chr18:48133699:48133700,cg06994022,-0.089019577
chr12:89252275:89252276,cg26099158,-0.089012982
chr5:112922952:112922953,cg03556021,0.088519904
chr17:50197963:50197964,cg18618815,-0.088314352
chr2:183079210:183079211,cg02561726,0.08812965
chr4:99061611:99061612,cg04395703,0.088016612
chr7:94347170:94347171,cg20587464,-0.087686545
chr2:200486261:200486262,cg06686451,-0.087634586
chr12:12714735:12714736,cg06826457,-0.087247729
chr17:82581268:82581269,cg18701696,0.086726014
chr5:10695129:10695130,cg14129473,-0.086665599
chr5:89011943:89011944,cg02412399,-0.086498659
chr4:53899659:53899660,cg11984971,0.086350255
chr9:73153952:73153953,cg13591783,0.085858015
chr12:132443741:132443742,cg00912164,0.085841464
chr6:10883861:10883862,cg09775263,0.085762564
chr2:218570836:218570837,cg21188652,-0.085692695
chr2:237695377:237695378,cg15819128,-0.085655026
chr5:151924927:151924928,cg07012926,0.0855802
chr1:35927564:35927565,cg17182156,-0.085559714
chr3:101513874:101513875,cg01791648,-0.085539925
chr12:101831587:101831588,cg01687189,-0.085472334
chr16:50735941:50735942,cg01955153,-0.085334607
chr6:35017176:35017177,cg08188318,0.085315106
chr10:99709202:99709203,cg12608633,0.085117861
chr3:71035483:71035484,cg18067134,0.084848833
chr13:106492005:106492006,cg17906168,-0.08483177
chr5:111601410:111601411,cg12469755,-0.084570986
chr1:81800260:81800261,cg05125795,0.084507729
chr17:64612738:64612739,cg25061701,-0.084478397
chr3:47476329:47476330,cg26614073,-0.084431442
chr6:105510303:105510304,cg16503933,-0.084391044
chr12:54853969:54853970,cg07869256,-0.084389282
chr7:124770035:124770036,cg10812629,-0.083560693
chr17:72119721:72119722,cg11350586,0.083452552
chr6:138500217:138500218,cg03735592,-0.083213288
chr11:31107113:31107114,cg06552810,0.083166378
chr1:153140786:153140787,cg00891995,-0.082536558
chr6:3592653:3592654,cg13413719,0.082383269
chr1:94024235:94024236,cg25196715,-0.081913788
chr18:50267861:50267862,cg21616935,0.081818974
chr8:66922521:66922522,cg20188739,-0.081744039
chr10:102868152:102868153,cg11050480,-0.081649343
chr10:14737378:14737379,cg13492331,0.081588055
chr5:33444761:33444762,cg14826797,-0.081191306
chr3:101848516:101848517,cg01771416,0.080957284
chr1:94923124:94923125,cg08940075,0.080939349
chr13:43787957:43787958,cg00509187,0.080653176
chr11:62547647:62547648,cg19764555,-0.080634849
chr12:75511880:75511881,cg21535462,0.080618926
chr1:7940254:7940255,cg08840010,0.080033169
chr10:37976012:37976013,cg23254047,-0.079892207
chr2:50161637:50161638,cg08425543,-0.079769992
chr3:141412347:141412348,cg03060555,-0.07975729
chr19:53037649:53037650,cg07962338,0.079635231
chr7:120989350:120989351,cg01597480,-0.079404086
chr1:87327827:87327828,cg26801613,-0.079385019
chr13:77976238:77976239,cg10792120,-0.07934861
chr1:154155476:154155477,cg16274678,0.078194726
chr5:128984694:128984695,cg11841562,0.078020285
chr5:96255213:96255214,cg11847992,-0.077989305
chr1:44986908:44986909,cg14611683,0.07771948
chr13:42781601:42781602,cg08787791,-0.077668702
chr4:519205:519206,cg18907098,0.077132871
chr10:51815506:51815507,cg15583492,-0.077104764
chr1:12659038:12659039,cg22673583,-0.077092259
chr3:147408916:147408917,cg17280346,0.077069897
chr19:45900773:45900774,cg07453407,0.076713001
chr8:120196338:120196339,cg18495484,0.076645073
chr5:141393972:141393973,cg00758915,0.07662819
chr17:48615060:48615061,cg25116388,0.076513809
chr4:169009278:169009279,cg00020991,-0.07645647
chr1:51957002:51957003,cg00714309,-0.076267706
chr4:108620237:108620238,cg10236417,0.076067343
chr1:33864187:33864188,cg11168006,-0.076012918
chr4:128191315:128191316,cg24087613,-0.075842705
chr5:126002524:126002525,cg10470891,0.075634576
chr7:79420691:79420692,cg13051700,0.075543146
chr11:121723512:121723513,cg00532802,-0.075518586
chr11:128906217:128906218,cg23895722,-0.075126192
chr5:77639894:77639895,cg02493167,0.075087787
chr6:157715673:157715674,cg20387775,-0.074771902
chr14:58663439:58663440,cg12033216,-0.074590053
chr3:114624221:114624222,cg04564000,-0.074205188
chr1:9164139:9164140,cg22373770,0.074064952
chr1:178863624:178863625,cg19807716,0.073977965
chr6:75267695:75267696,cg18086819,0.073873602
chr13:98566403:98566404,cg17176619,0.073674311
chr1:26409115:26409116,cg04103761,0.073504746
chr6:71012190:71012191,cg27409484,-0.073443944
chr6:111258917:111258918,cg15219685,-0.07338594
chr5:126594325:126594326,cg25476565,0.073176743
chr3:61250873:61250874,cg19574488,0.073130689
chr17:55349296:55349297,cg00101260,-0.073091421
chr5:98367630:98367631,cg03849299,-0.07254464
chr1:85616030:85616031,cg24439713,0.072527034
chr2:64729998:64729999,cg21117978,0.072438631
chr4:186069048:186069049,cg17671280,-0.071967789
chr12:92735512:92735513,cg00186909,0.071877702
chr2:118841883:118841884,cg20175390,0.07187152
chr7:124790722:124790723,cg17816357,0.071839743
chr11:88357693:88357694,cg27095222,0.071307642
chr11:78187739:78187740,cg00808969,-0.071166801
chr19:36331409:36331410,cg23054584,0.070889649
chr11:85531510:85531511,cg02275784,0.070676566
chr8:103593307:103593308,cg26186392,0.070370554
chr3:101828452:101828453,cg01649334,0.070342847
chr1:183591778:183591779,cg01579216,-0.07026892
chr8:41604968:41604969,cg22638105,0.069921437
chr7:42700887:42700888,cg00027114,-0.069901371
chr7:37224981:37224982,cg18536827,-0.069865781
chr2:169868787:169868788,cg25737397,-0.06981669
chr8:74986003:74986004,cg21130958,0.069789804
chr16:11783052:11783053,cg02535219,-0.069480297
chr13:91398466:91398467,cg03036557,0.069278743
chr1:51879620:51879621,cg03649284,0.069147235
chr11:59144372:59144373,cg15723195,-0.069027131
chr20:9359749:9359750,cg22989419,-0.068975529
chr9:132407030:132407031,cg05061804,-0.068303671
chr7:76269652:76269653,cg16810343,-0.068284763
chr6:34138008:34138009,cg04762129,0.067853951
chr13:47554412:47554413,cg18026416,-0.067767623
chr20:5911140:5911141,cg07642638,0.067450008
chr9:3741918:3741919,cg13895441,-0.067415034
chr7:43925852:43925853,cg27549208,-0.067095203
chr12:27462205:27462206,cg04100595,0.067054605
chr12:5039987:5039988,cg23737927,-0.066872751
chr1:116359926:116359927,cg12609526,0.066798178
chr5:139198742:139198743,cg06669752,-0.066684098
chr15:35151099:35151100,cg15274202,0.066565851
chr18:26641212:26641213,cg20876937,-0.066522211
chr7:130734609:130734610,cg06533629,0.06637677
chr4:20042965:20042966,cg16924102,0.066122529
chr10:72089868:72089869,cg01861509,0.065937606
chr11:56030730:56030731,cg14569837,-0.065916886
chr2:150681479:150681480,cg05413285,0.065832212
chr1:145963388:145963389,cg19913118,-0.065807946
chr10:94205822:94205823,cg03013070,0.065159892
chr16:20763689:20763690,cg10078415,-0.065112315
chr1:44306313:44306314,cg12590902,0.065111399
chr10:114715524:114715525,cg19873536,0.065090214
chr1:167551068:167551069,cg17936236,0.064959182
chr8:89901668:89901669,cg04857257,0.064856484
chr7:32299845:32299846,cg20110742,-0.064778887
chr6:28266837:28266838,cg02339392,-0.064566021
chr10:101249746:101249747,cg27374726,-0.064509135
chr16:7308469:7308470,cg04892758,-0.064456462
chr14:99744876:99744877,cg13725826,-0.06444627
chr10:5094590:5094591,cg12530994,-0.064398936
chr6:26088218:26088219,cg20485758,-0.06439553
chr17:74711116:74711117,cg15189015,-0.064286181
chr4:140148616:140148617,cg03322353,0.064260963
chr12:5262330:5262331,cg14415456,-0.06423627
chr8:42037582:42037583,cg14316231,0.064214227
chr7:116671442:116671443,cg24627299,0.063806999
chr2:176124211:176124212,cg11597131,0.063487979
chr3:169227943:169227944,cg08511485,-0.063329992
chr5:123285235:123285236,cg17807172,0.063212994
chr4:121779141:121779142,cg16961536,-0.063169036
chr2:109130751:109130752,cg01495363,-0.063159495
chr16:75116921:75116922,cg03085549,0.063007219
chr7:26365096:26365097,cg25985583,-0.062444781
chr12:107581522:107581523,cg01478234,0.062291138
chr1:207883148:207883149,cg17439800,-0.061723192
chr7:70787967:70787968,cg01898553,0.06151212
chr5:72414458:72414459,cg03535807,0.061501263
chr13:43785465:43785466,cg10201400,-0.061377463
chr2:187264082:187264083,cg20348746,-0.06129387
chr13:37598666:37598667,cg04922971,-0.061068547
chr12:14886463:14886464,cg22221831,-0.060831122
chr13:73618332:73618333,cg25462669,0.060759795
chr11:10302355:10302356,cg23744638,-0.060684842
chr15:58204079:58204080,cg11479695,-0.060144466
chr3:19398917:19398918,cg09555947,-0.060045532
chr7:27144175:27144176,cg02646423,0.060024451
chr4:112170183:112170184,cg15959363,0.059802805
chr5:17132091:17132092,cg24054315,0.05926504
chr12:79415576:79415577,cg09884851,-0.059180323
chr6:10416275:10416276,cg13298147,0.059177051
chr13:92640921:92640922,cg14298689,-0.059099133
chr9:114075515:114075516,cg13783957,-0.059036575
chr4:24980551:24980552,cg10202557,-0.058764611
chr4:11407035:11407036,cg21300019,0.058736861
chr12:66679980:66679981,cg09135441,-0.058610895
chr8:98972821:98972822,cg20909645,0.058064279
chr6:24583249:24583250,cg27524988,-0.057886292
chr11:3809141:3809142,cg14979593,-0.057842412
chr13:46897427:46897428,cg10323433,-0.057684841
chr19:51021434:51021435,cg19356189,-0.057424328
chr4:109559544:109559545,cg23196549,-0.05742267
chr16:72938745:72938746,cg05972185,-0.057411762
chr4:71785385:71785386,cg02087383,-0.057361945
chr9:13280026:13280027,cg14577706,-0.057356813
chr5:163509447:163509448,cg22017733,0.056964183
chr13:45852128:45852129,cg19432362,-0.056911312
chr12:8066762:8066763,cg27423177,0.056772145
chr16:17512816:17512817,cg07955064,-0.056725343
chr6:157721769:157721770,cg06493072,-0.056688548
chr8:67506245:67506246,cg10423607,0.056474959
chr8:133576000:133576001,cg11057205,0.056467711
chr13:35479271:35479272,cg05446322,0.056455423
chr5:141373964:141373965,cg06757585,0.056448226
chr1:55042511:55042512,cg04554817,-0.05635209
chr8:133794372:133794373,cg15690598,-0.05633479
chr5:27532577:27532578,cg24851859,0.056310863
chr5:56108352:56108353,cg15667493,-0.056219393
chr1:212815181:212815182,cg01785514,-0.056038671
chr12:64453408:64453409,cg16604658,-0.055752894
chr6:146913897:146913898,cg16199747,0.055540996
chr6:17808895:17808896,cg12662084,-0.055351379
chr13:110150298:110150299,cg12081643,0.054972946
chr17:48573998:48573999,cg22053945,-0.054971377
chr7:18495449:18495450,cg00332048,-0.054945315
chr5:16737863:16737864,cg16413763,-0.054915775
chr10:70880343:70880344,cg12483947,-0.054737474
chr11:112164452:112164453,cg09122223,0.054418128
chr17:32331518:32331519,cg04936619,0.054370212
chr1:228014907:228014908,cg21934230,-0.054113412
chr17:32515928:32515929,cg18483549,0.054085717
chr8:88297836:88297837,cg21045828,-0.054050286
chr2:38177121:38177122,cg02893429,0.053944999
chr21:30641537:30641538,cg06100608,-0.053801123
chr12:89599163:89599164,cg17564205,0.05358976
chr15:90649719:90649720,cg11164639,-0.053495486
chr4:159176859:159176860,cg21845400,0.053462779
chr22:46067867:46067868,cg18384588,-0.053041624
chr18:3219968:3219969,cg24128316,-0.053036357
chr5:56494275:56494276,cg20536364,0.052668531
chr7:137343789:137343790,cg00653387,0.052427219
chr20:11916805:11916806,cg17202331,-0.052395881
chr14:61934540:61934541,cg01719405,-0.052304475
chr7:158997032:158997033,cg09826364,0.05221611
chr12:95446820:95446821,cg27614751,0.052192588
chr5:91722874:91722875,cg26161368,-0.052175577
chr19:8515625:8515626,cg23357708,0.052146946
chr20:298941:298942,cg08317681,-0.051977832
chr19:15419819:15419820,cg25533247,-0.051968373
chr13:54166101:54166102,cg15157312,-0.051870985
chr8:38232690:38232691,cg04500377,-0.051823591
chr3:194399156:194399157,cg13185177,0.0516525
chr7:28299171:28299172,cg02506717,-0.051567532
chr7:27131782:27131783,cg20161965,0.051322045
chr8:78806780:78806781,cg05490029,-0.051297513
chr11:111879916:111879917,cg21592158,-0.051258503
chr4:139763442:139763443,cg16596440,0.051094619
chr17:82339252:82339253,cg21325715,-0.050982865
chr10:127987273:127987274,cg00238353,-0.050878912
chr7:29569694:29569695,cg13817046,0.050823371
chr2:20576860:20576861,cg00221794,0.05077947
chr1:114758587:114758588,cg22360146,-0.050644446
chr1:159801585:159801586,cg25271063,0.050552778
chr15:45379081:45379082,cg00767496,0.050296495
chr1:166155182:166155183,cg24428232,-0.05025081
chr5:95960261:95960262,cg19419291,0.05018661
chr11:60184661:60184662,cg24026212,-0.049999305
chr5:79517235:79517236,cg02125365,0.049845331
chr5:45038650:45038651,cg04284993,0.049837942
chr11:89922703:89922704,cg23481862,-0.049793349
chr2:38070616:38070617,cg11656478,0.049550392
chr13:101452222:101452223,cg02119955,0.049515096
chr12:93115361:93115362,cg22925751,-0.049056191
chr16:87067986:87067987,cg08317243,-0.048971444
chr14:96041965:96041966,cg23117999,-0.048960471
chr12:12748813:12748814,cg26947127,0.048896065
chr12:49132995:49132996,cg14483935,0.048883811
chr8:18387715:18387716,cg23630442,0.048841832
chr12:68745838:68745839,cg06533408,-0.048828926
chr3:146308710:146308711,cg21552014,-0.048803553
chr10:78248562:78248563,cg04028695,-0.048796795
chr12:111039036:111039037,cg07729875,-0.048745491
chr22:50044496:50044497,cg05840541,-0.048709827
chr1:41238889:41238890,cg15962197,-0.048606452
chr15:76865700:76865701,cg05677249,0.048580862
chr3:122984935:122984936,cg13482010,-0.048440181
chr1:79982047:79982048,cg22624907,0.047997265
chr1:235650845:235650846,cg20818778,0.047981551
chr8:55893148:55893149,cg05973028,0.047944777
chr3:37163323:37163324,cg05433805,-0.047781528
chr1:52726115:52726116,cg23995459,0.04773577
chr1:89834336:89834337,cg04550950,-0.047539869
chr1:10474107:10474108,cg05233288,0.04732033
chr3:193241973:193241974,cg04571652,-0.047298344
chr9:32573693:32573694,cg14472148,-0.047199361
chr2:191304859:191304860,cg06844526,-0.047074794
chr17:39563756:39563757,cg17288560,0.047036329
chr5:95391070:95391071,cg23360388,0.046891421
chr7:120989584:120989585,cg13391244,-0.046830692
chr7:106484722:106484723,cg00139681,0.046767015
chr1:64245350:64245351,cg12608727,-0.046759951
chr9:5510497:5510498,cg07211259,-0.046758632
chr10:88852154:88852155,cg02538681,0.046756458
chr12:14886498:14886499,cg13302154,0.046740668
chr16:55637822:55637823,cg00181061,-0.046705856
chr9:120713089:120713090,cg01807026,0.046599513
chr17:82612047:82612048,cg13424393,0.046594927
chr10:71980533:71980534,cg18738190,0.046589044
chr12:57865771:57865772,cg05310774,-0.046516953
chr7:137725879:137725880,cg02113214,-0.046516725
chr11:131691884:131691885,cg00466136,0.046444833
chr5:115839304:115839305,cg17519280,0.046350457
chr17:58005928:58005929,cg23960707,-0.046309186
chr7:55364937:55364938,cg05979484,0.046095176
chr3:45948252:45948253,cg26466027,-0.046085964
chr1:212432360:212432361,cg11836829,-0.046067024
chr11:132132622:132132623,cg00527514,-0.046031527
chr1:171089531:171089532,cg16599143,-0.046013401
chr6:116190654:116190655,cg01820962,-0.04600333
chr7:37990466:37990467,cg24970879,0.045815888
chr6:116011519:116011520,cg23628721,-0.045573422
chr7:4118059:4118060,cg08242194,0.045540114
chr12:112571597:112571598,cg23154834,0.045386167
chr17:31561917:31561918,cg08778851,0.045276369
chr2:178396055:178396056,cg21182526,-0.045205097
chr8:139570841:139570842,cg14391923,-0.045159941
chr10:35563540:35563541,cg02524725,-0.044929754
chr11:46456664:46456665,cg19259111,-0.044905858
chr1:67684306:67684307,cg23369529,-0.044673939
chr14:61284084:61284085,cg00862597,0.04466387
chr6:110358882:110358883,cg01431340,-0.044563102
chr15:52800810:52800811,cg06999762,0.044412127
chr19:52096003:52096004,cg05974498,-0.044370006
chr3:124565372:124565373,cg06218523,-0.044298568
chr8:130727845:130727846,cg13021857,-0.044264001
chr6:157822354:157822355,cg04064963,-0.044127555
chr4:183796893:183796894,cg05211868,-0.044086851
chr1:6202560:6202561,cg16894819,-0.04325685
chr12:9969923:9969924,cg03014680,-0.043234949
chr1:158830234:158830235,cg05304729,-0.043222582
chr4:36190316:36190317,cg13802354,0.043058559
chr3:98034779:98034780,cg03520471,-0.042670693
chr5:104484890:104484891,cg24905254,-0.042625128
chr12:50504628:50504629,cg03907575,0.042438963
chr10:125934427:125934428,cg06777902,0.042211959
chr11:63840256:63840257,cg21082879,-0.042176356
chr19:39385697:39385698,cg02406092,-0.042175273
chr13:95300683:95300684,cg05412028,0.042057404
chr1:247453384:247453385,cg14830002,0.041805879
chr1:45203498:45203499,cg03518202,-0.041706805
chr7:105000287:105000288,cg07029980,-0.041656883
chr4:168723599:168723600,cg08947774,0.041553417
chr3:113287385:113287386,cg20267101,0.041444971
chr11:6876260:6876261,cg03898365,0.041372957
chr14:22839085:22839086,cg10418289,-0.041363562
chr3:49814280:49814281,cg19381811,0.041294614
chr6:152975428:152975429,cg11370748,0.0412801
chr10:22322525:22322526,cg23754392,-0.041273574
chr6:166542397:166542398,cg01300852,-0.041158691
chr10:122569271:122569272,cg14366292,-0.040974286
chr8:85200711:85200712,cg14145632,0.040924132
chr14:44960246:44960247,cg05861639,-0.040884402
chr14:89912336:89912337,cg02946885,0.040882568
chr15:62166542:62166543,cg02068166,-0.040875851
chr7:90210551:90210552,cg26904169,0.040784911
chr3:189828989:189828990,cg19400113,-0.040595879
chr15:91849591:91849592,cg13615971,-0.040526826
chr7:139017371:139017372,cg07703358,-0.040499272
chr11:92883952:92883953,cg14730524,-0.040460828
chr11:113458304:113458305,cg18248586,0.040304355
chr13:50129341:50129342,cg00465247,-0.040294989
chr3:25452316:25452317,cg01794805,-0.040239292
chr19:53255356:53255357,cg16708981,0.040062741
chr1:183591788:183591789,cg03729042,-0.040056601
chr15:49424448:49424449,cg09926783,-0.039827389
chr4:54668537:54668538,cg24867302,-0.039825138
chr4:123233138:123233139,cg06695691,0.039779077
chr1:100982579:100982580,cg14994947,0.039645067
chr2:24583630:24583631,cg18149011,-0.039598112
chr7:113449947:113449948,cg05289983,-0.03957804
chr1:58769344:58769345,cg19306368,-0.039344672
chr19:23203848:23203849,cg12744311,0.039190782
chr9:76873741:76873742,cg13543436,0.039162947
chr5:1835509:1835510,cg26122710,-0.03913381
chr2:65707990:65707991,cg04749740,0.039011965
chr3:37924327:37924328,cg05990080,0.0388141
chr6:112254727:112254728,cg14289461,0.038787568
chr11:94021122:94021123,cg05188948,0.038782452
chr14:88189641:88189642,cg19453093,-0.038451916
chr1:44799665:44799666,cg07368443,-0.038171514
chr21:25361249:25361250,cg11575131,-0.03809852
chr17:62820360:62820361,cg05091997,0.037917113
chr11:31827715:31827716,cg08370146,0.037822408
chr10:5195918:5195919,cg02435427,0.03781384
chr3:147371575:147371576,cg12361223,0.037806011
chr15:87752813:87752814,cg12096762,0.037722524
chr12:7060477:7060478,cg15626285,-0.037719686
chr4:100519121:100519122,cg10512376,0.037639523
chr7:108310422:108310423,cg25311470,-0.037585774
chr15:101392354:101392355,cg27370471,0.037520526
chr12:103302603:103302604,cg27663938,0.037497986
chr6:24583386:24583387,cg10482057,-0.037302746
chr4:188032752:188032753,cg02571636,0.037182934
chr2:118942453:118942454,cg02431964,0.037112446
chr6:152637514:152637515,cg16606731,-0.037067783
chr6:2959387:2959388,cg12625300,-0.037022762
chr16:87151333:87151334,cg10047845,-0.037000917
chr16:12003066:12003067,cg03412557,0.036843543
chr7:1604807:1604808,cg21700772,-0.036533898
chr4:67084393:67084394,cg05825121,0.036477345
chr8:89835544:89835545,cg18493113,0.036431346
chr5:65828221:65828222,cg20716653,0.036338219
chr16:8961669:8961670,cg10359807,0.036328378
chr10:17231188:17231189,cg26063719,0.036222455
chr7:101754904:101754905,cg14398883,-0.036177291
chr9:86281425:86281426,cg13959031,0.036065535
chr13:45852103:45852104,cg08605991,-0.035941982
chr4:134148519:134148520,cg17747199,-0.035933845
chr17:18650220:18650221,cg11515089,0.03571457
chr15:39250842:39250843,cg04326808,-0.035679012
chr10:25935299:25935300,cg07630301,-0.035513911
chr13:43364501:43364502,cg06048436,-0.035420576
chr5:141373969:141373970,cg07717903,0.0353953
chr6:43454352:43454353,cg15172007,-0.035206987
chr5:160310317:160310318,cg01119875,-0.035150667
chr3:53666168:53666169,cg00336149,0.035148639
chr1:84301099:84301100,cg17142950,-0.035124038
chr14:51866647:51866648,cg22967080,0.03511414
chr4:78551489:78551490,cg06964816,-0.035109852
chr11:63934763:63934764,cg05766107,-0.035099245
chr10:68562685:68562686,cg19127638,-0.035094225
chr1:218525219:218525220,cg19631762,0.035040918
chr20:51802709:51802710,cg24332577,0.034941103
chr2:102827056:102827057,cg17244485,0.034769289
chr2:170972449:170972450,cg04198323,-0.034702107
chr10:132375157:132375158,cg07690734,-0.034676802
chr3:117278128:117278129,cg10462597,0.034576339
chr6:132735139:132735140,cg14387743,0.034490135
chr20:53875670:53875671,cg15878616,0.03444642
chr16:79438344:79438345,cg00479912,-0.034423533
chr2:226792476:226792477,cg18018313,-0.034343367
chr1:212432587:212432588,cg02901139,-0.034291084
chr7:4265429:4265430,cg12190994,0.034274862
chr10:102920395:102920396,cg00894378,-0.034246015
chr15:39783864:39783865,cg14428590,-0.034223084
chr12:442407:442408,cg04951819,-0.034209452
chr2:68925546:68925547,cg01447660,-0.034203496
chr1:200035077:200035078,cg15062377,0.034102413
chr4:119725810:119725811,cg01883540,0.034102099
chr11:67582682:67582683,cg25135322,0.034062568
chr3:57068872:57068873,cg25799109,-0.034025667
chr16:29975940:29975941,cg16568360,-0.033973144
chr9:98430510:98430511,cg14523238,-0.03394467
chr8:100336228:100336229,cg10334750,-0.033895146
chr5:120463689:120463690,cg06526721,0.033847785
chr10:32112104:32112105,cg26300461,0.033665793
chr3:89180613:89180614,cg01824625,-0.033533922
chr15:60002588:60002589,cg19433697,0.033501424
chr2:142874621:142874622,cg12192282,0.033462263
chr7:55364999:55365000,cg11552287,0.033289112
chr10:128265757:128265758,cg19988426,0.033274161
chr22:49488035:49488036,cg05373962,0.033114217
chr6:132763150:132763151,cg10044101,-0.032765241
chr15:81324994:81324995,cg05150327,-0.032760579
chr12:105616763:105616764,cg11721178,-0.032697824
chr4:95130310:95130311,cg21574271,0.032650088
chr1:186681347:186681348,cg16101346,-0.032364618
chr5:35939935:35939936,cg07741805,-0.03228433
chr6:35017059:35017060,cg08194377,-0.0321592
chr14:68971550:68971551,cg15867698,0.032065901
chr17:45151204:45151205,cg08301612,-0.031956328
chr22:45863763:45863764,cg01514353,-0.031903253
chr7:101754872:101754873,cg14823389,0.031853796
chr3:171754839:171754840,cg22920586,-0.03180861
chr5:160853690:160853691,cg07320496,0.031788771
chr1:148264741:148264742,cg25862444,0.031763993
chr7:30348338:30348339,cg08549335,-0.031735736
chr21:35720714:35720715,cg00871610,-0.03162829
chr13:28503213:28503214,cg16185386,-0.031609394
chr10:73576782:73576783,cg15134506,-0.031598219
chr21:30756482:30756483,cg22405653,-0.031593849
chr18:5546795:5546796,cg19120897,-0.031586526
chr8:86472566:86472567,cg22061479,0.031549542
chr20:2654129:2654130,cg05205351,-0.031541939
chr6:41682898:41682899,cg00049595,-0.031463538
chr6:50724437:50724438,cg22235018,0.031436472
chr12:104303442:104303443,cg09884423,0.03134531
chr17:82419389:82419390,cg24998110,0.031282108
chr12:94145543:94145544,cg12877335,-0.031240041
chr3:38543276:38543277,cg22980771,-0.031182892
chr2:111902401:111902402,cg07748767,0.031096203
chr1:217068155:217068156,cg10090568,-0.031035532
chr11:33375313:33375314,cg15365218,0.030905107
chr13:46897570:46897571,cg02027079,0.030782172
chr18:6898680:6898681,cg18863203,-0.030649825
chr9:120878196:120878197,cg13501527,-0.030636888
chr1:206116996:206116997,cg08709672,-0.030627908
chr2:157328031:157328032,cg05081953,-0.030602178
chr2:226611519:226611520,cg08982961,-0.030456295
chr1:145963362:145963363,cg08916374,-0.030445218
chr8:26048295:26048296,cg06455149,0.030400656
chr19:52891373:52891374,cg16204618,-0.030182058
chr11:85627208:85627209,cg21787323,0.030088737
chr3:46566649:46566650,cg13719901,-0.030074251
chr19:13016575:13016576,cg01634146,0.029958337
chr21:45638474:45638475,cg06171420,-0.02990619
chr9:95353472:95353473,cg14649424,-0.029793041
chr1:26862014:26862015,cg13235717,-0.029767256
chr2:48729737:48729738,cg09759719,-0.029679057
chr15:38853776:38853777,cg18432451,-0.029660379
chr11:112164274:112164275,cg04929355,0.02955723
chr6:147699745:147699746,cg20778199,0.029553325
chr21:46661330:46661331,cg09374293,0.029549054
chr5:79111105:79111106,cg18483750,-0.029243505
chr17:28112351:28112352,cg15704699,0.029214378
chr11:102996296:102996297,cg23976431,-0.029189608
chr1:78619901:78619902,cg03607951,-0.029054716
chr20:57262563:57262564,cg11598935,0.029034473
chr10:114505103:114505104,cg04055345,-0.028906511
chr3:22371255:22371256,cg23480021,-0.028877037
chr1:213832795:213832796,cg00852051,-0.02887169
chr4:70472156:70472157,cg06792975,0.028772611
chr1:108964183:108964184,cg10447615,0.028768245
chr18:49559379:49559380,cg21469505,0.028755768
chr9:120928308:120928309,cg21152671,-0.028619902
chr6:99602915:99602916,cg27112666,0.028473086
chr16:47978753:47978754,cg09813145,-0.028444234
chr9:105243068:105243069,cg01692968,-0.028415917
chr5:11588937:11588938,cg17415451,-0.028399996
chr12:7444107:7444108,cg11300147,-0.028368234
chr1:61076657:61076658,cg19097500,-0.028355853
chr13:98978329:98978330,cg10811485,0.028264197
chr5:177599189:177599190,cg00075920,-0.028256607
chr5:151924848:151924849,cg14319409,0.028240563
chr1:37472344:37472345,cg13100137,-0.028199514
chr2:152558513:152558514,cg23482132,0.028192022
chr11:58628155:58628156,cg15696309,0.028172243
chr17:48580193:48580194,cg01572694,-0.02816269
chr6:12045148:12045149,cg20583432,-0.028137722
chr7:7221963:7221964,cg17994788,-0.028082969
chr17:8475438:8475439,cg26851650,-0.028046422
chr8:17643901:17643902,cg21629715,-0.027890112
chr15:99100268:99100269,cg16765088,-0.027852904
chr3:24042456:24042457,cg26309929,-0.02780872
chr12:15427973:15427974,cg16746770,0.02778434
chr15:62742767:62742768,cg13821077,-0.027781094
chr12:121429922:121429923,cg04682193,0.027758832
chr6:151004506:151004507,cg21691367,0.027750723
chr15:71448494:71448495,cg04631994,0.027706296
chr6:15380334:15380335,cg09202659,-0.027652592
chr21:14380611:14380612,cg01838443,-0.027602192
chr5:53642162:53642163,cg12351310,-0.027594543
chr3:132317223:132317224,cg15958424,-0.02750445
chr10:117542764:117542765,cg15325373,0.027352741
chr4:158173061:158173062,cg03450635,0.027346551
chr17:30831345:30831346,cg02246992,-0.0273451
chr8:108280742:108280743,cg10299610,0.027156695
chr4:41612825:41612826,cg00957901,-0.027004951
chr2:104858014:104858015,cg07152755,0.026992562
chr12:96368531:96368532,cg12149299,-0.026904406
chr10:62433309:62433310,cg14701867,0.026794265
chr2:39779921:39779922,cg27611263,-0.026759048
chr4:85673223:85673224,cg02394698,-0.026610451
chr3:107236821:107236822,cg25265234,0.026586378
chr10:129966668:129966669,cg11711816,0.026455439
chr1:211258486:211258487,cg26515805,0.026442945
chr10:8061710:8061711,cg00463367,0.026365622
chr11:60275957:60275958,cg13350775,0.026308138
chr16:1770311:1770312,cg06326493,0.026188251
chr5:369854:369855,cg01899089,-0.026166224
chr14:52919091:52919092,cg12104022,-0.026110138
chr4:20528162:20528163,cg07711036,-0.026002516
chr1:147242309:147242310,cg21917976,0.025581816
chr1:42458574:42458575,cg04283926,-0.025529941
chr11:114049714:114049715,cg12445422,0.025444874
chr4:112818014:112818015,cg20360704,-0.025404749
chr6:73968738:73968739,cg23826559,-0.025374804
chr5:123285256:123285257,cg05692123,0.025306369
chr7:94909096:94909097,cg03289906,0.025230076
chr10:49679426:49679427,cg09402276,0.02511182
chr18:63751843:63751844,cg14426174,-0.025069856
chr3:64214329:64214330,cg18450254,-0.02505853
chr6:153032384:153032385,cg06899237,0.025014907
chr1:2922655:2922656,cg03389046,-0.024888338
chr13:92866477:92866478,cg16437048,-0.024859462
chr5:194492:194493,cg26466258,-0.024848061
chr5:73371011:73371012,cg11316517,0.024784701
chr6:122712391:122712392,cg08198075,0.024691433
chr20:31259599:31259600,cg25361651,-0.024642848
chr3:151087601:151087602,cg22571654,-0.024621235
chr11:73647473:73647474,cg06008062,-0.024548417
chr15:48975628:48975629,cg20860806,-0.024418054
chr7:27144548:27144549,cg20817131,0.024385626
chr20:45206549:45206550,cg20015689,0.024351727
chr1:81574324:81574325,cg06822690,-0.024325376
chr13:49500053:49500054,cg16213217,-0.024316354
chr1:78620028:78620029,cg17980508,-0.024307804
chr13:102687865:102687866,cg07951201,-0.024160691
chr1:57451661:57451662,cg09818265,0.024121708
chr6:6677523:6677524,cg01882991,0.023740218
chr1:167228506:167228507,cg05790989,0.023719918
chr15:40405218:40405219,cg26886850,-0.023528262
chr1:75612545:75612546,cg27336379,0.023513129
chr13:71879952:71879953,cg17589056,-0.023503975
chr4:122621245:122621246,cg11591520,-0.023494418
chr19:39679272:39679273,cg14377791,-0.023450689
chr16:69398597:69398598,cg08285646,-0.023361286
chr14:80959668:80959669,cg13525276,-0.023200755
chr2:69781029:69781030,cg05155595,0.023195862
chr7:108468448:108468449,cg19486437,0.023192443
chr6:25832128:25832129,cg22988581,-0.023183846
chr6:125787993:125787994,cg06310589,-0.023123216
chr10:11532301:11532302,cg10853431,0.023076349
chr8:33770747:33770748,cg16031846,-0.023048982
chr20:20056009:20056010,cg09881842,-0.022967296
chr1:41918893:41918894,cg15937073,0.022925893
chr8:26134086:26134087,cg14830371,0.022909959
chr12:124927234:124927235,cg09234599,0.022863915
chr8:118438590:118438591,cg21755755,-0.022796075
chr14:100983729:100983730,cg24947073,-0.02277726
chr12:14885506:14885507,cg05360958,0.022695389
chr8:57997086:57997087,cg14228614,-0.022655165
chr3:174444666:174444667,cg17069914,0.022562134
chr19:50879335:50879336,cg00996764,0.022345434
chr6:75600835:75600836,cg03760308,0.022340272
chr4:73776111:73776112,cg18007641,0.022317111
chr9:74501168:74501169,cg13939185,0.022255045
chr16:75116886:75116887,cg16540789,-0.022016995
chr3:107367211:107367212,cg04514392,-0.021978727
chr5:77633239:77633240,cg17374364,0.021912533
chr11:101706113:101706114,cg11038231,-0.021862402
chr15:89848645:89848646,cg02349866,-0.02185612
chr19:45593817:45593818,cg16620032,-0.021834109
chr12:93727270:93727271,cg25955126,0.021808996
chr12:50923592:50923593,cg04477962,-0.021683135
chr6:116765893:116765894,cg09251292,0.021619852
chr2:38073394:38073395,cg02162897,0.021611749
chr9:36938344:36938345,cg13959831,0.021467734
chr17:39404672:39404673,cg23679344,0.02141136
chr16:74698536:74698537,cg07846061,-0.021342865
chr6:154164704:154164705,cg27296341,-0.021279526
chr8:125637563:125637564,cg08913523,-0.02119861
chr18:63362826:63362827,cg03501128,0.02118051
chr3:71244616:71244617,cg07278181,-0.02115535
chr4:123825242:123825243,cg03772511,0.021105014
chr8:17002127:17002128,cg06872257,-0.021048458
chr18:13260399:13260400,cg06825661,-0.021044921
chr3:100491738:100491739,cg07907506,0.021028848
chr2:63057633:63057634,cg22666373,0.021003084
chr2:130794813:130794814,cg06834427,-0.02081594
chr3:160563893:160563894,cg20378687,0.020760944
chr2:128755507:128755508,cg19998573,0.020714605
chr12:6042508:6042509,cg15866021,0.020678183
chr1:236394458:236394459,cg04031361,-0.020663403
chr17:64131014:64131015,cg20998539,-0.020649968
chr15:40568769:40568770,cg20058542,-0.020570856
chr5:3197206:3197207,cg24975649,0.020554532
chr7:16062088:16062089,cg01720616,-0.020488108
chr1:61081491:61081492,cg12079303,-0.020487287
chr5:126336254:126336255,cg23346945,-0.020475931
chr8:66173588:66173589,cg04041976,-0.02042437
chr3:1505183:1505184,cg25363091,0.020399709
chr10:132586936:132586937,cg01040749,0.020374957
chr10:117551400:117551401,cg10595547,0.020362792
chr7:4010946:4010947,cg09832613,-0.020282417
chr11:86374673:86374674,cg10395685,0.020155091
chr11:68375300:68375301,cg03064005,-0.020136158
chr17:48568610:48568611,cg07850987,-0.020030553
chr5:135536959:135536960,cg00513205,-0.01994521
chr1:26431817:26431818,cg17218045,0.019906857
chr5:142698455:142698456,cg18808506,-0.019901156
chr5:135892599:135892600,cg19031085,0.01984594
chr1:209397604:209397605,cg22787719,0.019795267
chr2:178531185:178531186,cg19906284,-0.019781666
chr15:50060091:50060092,cg13399903,-0.019772105
chr9:125888222:125888223,cg13813086,0.01975243
chr15:50118765:50118766,cg21557108,-0.019739908
chr19:35813177:35813178,cg18640606,0.019667595
chr3:108346412:108346413,cg14703454,0.019642354
chr1:173871123:173871124,cg11142333,-0.019635372
chr10:121504616:121504617,cg00250743,-0.019624173
chr1:12157572:12157573,cg21393163,0.019535595
chr7:66739810:66739811,cg18884741,0.019513796
chr1:54999609:54999610,cg22162435,0.019512404
chr3:193592776:193592777,cg03456393,-0.019444398
chr1:12385278:12385279,cg04275506,-0.019406227
chr1:150808208:150808209,cg20802392,-0.019391262
chr2:189181264:189181265,cg22321810,-0.019238516
chr7:2733076:2733077,cg27476859,0.019189922
chr11:125733265:125733266,cg15248242,-0.019125431
chr15:92813604:92813605,cg07960083,-0.019120546
chr7:127112857:127112858,cg24294950,-0.019084425
chr17:81419882:81419883,cg02447879,-0.019049161
chr3:64189566:64189567,cg21178378,-0.019003311
chr13:45851794:45851795,cg12979844,-0.018870534
chr6:136793375:136793376,cg15804973,-0.018847157
chr4:140158308:140158309,cg09728487,-0.018839602
chr2:154453027:154453028,cg18311633,-0.018837598
chr13:28338609:28338610,cg06021990,-0.018783804
chr6:23181160:23181161,cg04135377,0.018773186
chr14:70640322:70640323,cg03762817,-0.018672898
chr4:140047885:140047886,cg15844438,0.018621679
chr2:6679518:6679519,cg00221650,0.018596796
chr6:12881185:12881186,cg27365342,0.018582616
chr8:115563675:115563676,cg27039118,0.018450256
chr4:17095041:17095042,cg23316648,-0.018438763
chr21:38661968:38661969,cg17274064,-0.018379369
chr11:65584856:65584857,cg12017745,0.018296957
chr2:709329:709330,cg14585167,0.018059135
chr9:69247831:69247832,cg00695112,0.017928793
chr3:106999913:106999914,cg03787282,-0.017890081
chr13:106692044:106692045,cg22720431,0.01787367
chr1:89262352:89262353,cg24400630,-0.017856838
chr17:50198558:50198559,cg23950157,0.017834885
chr11:96324341:96324342,cg07471256,0.017809803
chr4:73620841:73620842,cg03996822,-0.017741652
chr8:56560475:56560476,cg02297967,0.017558515
chr3:167736551:167736552,cg18123677,0.017512611
chr1:90837471:90837472,cg26833936,0.017466902
chr2:133177232:133177233,cg15354803,-0.017457326
chr16:72806605:72806606,cg03752425,-0.01745002
chr16:10581173:10581174,cg00451635,-0.017416653
chr17:8999273:8999274,cg12594253,-0.017410353
chr7:158203731:158203732,cg03899215,-0.017364483
chr2:144427326:144427327,cg06063479,0.017267989
chr12:989909:989910,cg06708720,0.017231636
chr6:53666740:53666741,cg07406888,0.017192035
chr5:73813416:73813417,cg20417500,0.017171143
chr7:1226215:1226216,cg15591276,0.017166922
chr5:65262796:65262797,cg21878650,-0.017150439
chr11:84241943:84241944,cg01846703,0.017086944
chr7:101754897:101754898,cg22114489,-0.016983647
chr5:157459407:157459408,cg19020398,0.016945303
chr12:118063126:118063127,cg14474811,-0.016916239
chr1:37554798:37554799,cg20768399,-0.016915823
chr19:35141863:35141864,cg17682828,-0.016863457
chr11:43938434:43938435,cg13719712,-0.016860035
chr19:50728711:50728712,cg07809484,0.01674983
chr12:18865177:18865178,cg10244770,-0.016639193
chr5:141430556:141430557,cg12304520,0.016630671
chr10:5446383:5446384,cg27021181,0.016532292
chr10:120599726:120599727,cg13988455,-0.016489024
chr2:200305703:200305704,cg05691004,-0.016443845
chr18:68798097:68798098,cg23484392,0.0164428
chr2:68733524:68733525,cg15700582,0.016380141
chr17:80790456:80790457,cg16115689,0.01637372
chr2:214629397:214629398,cg13797580,-0.016337057
chr20:9160968:9160969,cg09143713,-0.016257563
chr17:42535804:42535805,cg18223939,0.01621962
chr5:120510596:120510597,cg05893843,0.016201923
chr15:48946691:48946692,cg21207694,-0.016193822
chr3:101070413:101070414,cg24647428,-0.0160925
chr7:87414920:87414921,cg09708066,-0.016061209
chr17:79137895:79137896,cg12792180,0.016050024
chr6:55014051:55014052,cg04608779,0.015978165
chr1:27875662:27875663,cg16684817,0.01586254
chr12:16610546:16610547,cg18720151,0.015815757
chr12:41905644:41905645,cg10802176,0.01577789
chr5:42812232:42812233,cg25310824,-0.015750445
chr6:2970643:2970644,cg01137047,0.015728131
chr4:87530194:87530195,cg14334389,-0.01572169
chr3:64048458:64048459,cg07644446,0.015674734
chr1:155122719:155122720,cg01019262,-0.015661916
chr3:150703034:150703035,cg07578772,0.015649809
chr2:102335825:102335826,cg19795292,-0.015529083
chr8:25203592:25203593,cg23677311,-0.015444431
chr19:55549740:55549741,cg22928954,0.015396837
chr13:103101974:103101975,cg06084210,-0.015328239
chr1:3215894:3215895,cg16386396,-0.015325939
chr1:39106651:39106652,cg08876103,0.015226736
chr2:222257186:222257187,cg19307391,0.015126418
chr12:2805353:2805354,cg00779206,-0.015096497
chr7:159145799:159145800,cg08614290,-0.014958769
chr3:182490748:182490749,cg01465177,0.014953338
chr6:17985333:17985334,cg15414930,-0.014949617
chr2:33134621:33134622,cg14102437,0.014847527
chr6:137413908:137413909,cg24533059,-0.014820792
chr21:41425661:41425662,cg22862003,0.014805336
chr12:133181321:133181322,cg07172885,0.014771539
chr1:19257393:19257394,cg07312601,-0.014722072
chr6:132714240:132714241,cg24964103,-0.01468888
chr10:122190434:122190435,cg23304023,-0.014679
chr17:75036518:75036519,cg04890576,0.014585016
chr3:188397548:188397549,cg23651889,-0.014548095
chr1:5161297:5161298,cg12278474,0.014536674
chr12:116599415:116599416,cg03432814,-0.014490953
chr20:46517672:46517673,cg06520134,0.014456744
chr11:12508608:12508609,cg11758841,0.014229274
chr11:122344395:122344396,cg05469118,0.014132068
chr9:15307875:15307876,cg02639095,0.014120652
chr7:27241785:27241786,cg17526483,0.014091469
chr2:102337890:102337891,cg20060108,-0.014019437
chr15:78836205:78836206,cg11020821,0.013885574
chr8:92613368:92613369,cg20211654,0.013846241
chr15:39139266:39139267,cg25292882,0.013806299
chr19:5308882:5308883,cg16668176,-0.013786607
chr8:30813216:30813217,cg04927725,-0.013724765
chr5:141420857:141420858,cg18118262,0.013523217
chr22:50089784:50089785,cg05064106,0.013514852
chr2:137963996:137963997,cg10136008,-0.01351387
chr20:56411737:56411738,cg00387658,-0.013451995
chr4:139824400:139824401,cg16650096,-0.013367674
chr4:61245503:61245504,cg16368147,-0.013356951
chr2:111116273:111116274,cg12966876,-0.013342423
chr16:55184870:55184871,cg09294739,-0.013336352
chr8:73420200:73420201,cg02346342,-0.013249319
chr15:33968518:33968519,cg19662219,-0.01309124
chr4:118865422:118865423,cg02064368,-0.013087082
chr1:169795898:169795899,cg15897921,0.012967494
chr22:49855259:49855260,cg20426710,0.012961327
chr11:59866803:59866804,cg03928812,0.01294118
chr12:112938075:112938076,cg22260958,-0.012919701
chr6:28479310:28479311,cg26968378,0.012873254
chr17:42981911:42981912,cg00016255,-0.012729395
chr4:36283245:36283246,cg17537307,-0.01269628
chr4:186770953:186770954,cg10665924,0.012235767
chr6:157597878:157597879,cg25376310,0.012198021
chr3:12959756:12959757,cg02311364,0.012008305
chr20:31420122:31420123,cg03146196,-0.011966099
chr11:122979782:122979783,cg24719321,0.011935164
chr7:152146170:152146171,cg19036773,-0.011915089
chr8:74705625:74705626,cg26754262,0.011882057
chr11:65429225:65429226,cg13119578,0.011848351
chr1:209827214:209827215,cg03753785,-0.011806697
chr11:108594204:108594205,cg10022155,0.011768286
chr7:155501709:155501710,cg01026009,0.011613752
chr3:109135810:109135811,cg14877963,0.011588703
chr1:222266706:222266707,cg03970900,-0.011578685
chr7:70698469:70698470,cg07470570,-0.011557086
chr6:2970390:2970391,cg11112615,-0.011546715
chr8:37801237:37801238,cg18715243,-0.011499962
chr4:127624038:127624039,cg05106770,-0.01139773
chr2:182379491:182379492,cg19077806,0.011382494
chr2:191847804:191847805,cg18843739,0.011382075
chr11:63838245:63838246,cg01102854,-0.011305624
chr6:119353148:119353149,cg04408448,0.011179437
chr15:96318996:96318997,cg03793678,-0.011103027
chr20:18794421:18794422,cg12851514,-0.011100691
chr12:93983194:93983195,cg12999267,0.011085799
chr13:46897129:46897130,cg27068143,-0.011077752
chr11:122089292:122089293,cg03704073,-0.01103039
chr2:233777622:233777623,cg17934130,-0.010992739
chr14:103014934:103014935,cg04189326,0.010948244
chr8:103105638:103105639,cg03090969,-0.010884329
chr15:49423145:49423146,cg23504246,-0.010877622
chr13:79394081:79394082,cg19211853,0.010873956
chr8:28089102:28089103,cg22414525,-0.010828444
chr14:89214699:89214700,cg05053979,0.010773797
chr10:102927591:102927592,cg09873215,-0.010748897
chr2:55012195:55012196,cg12813441,-0.010707468
chr7:42703099:42703100,cg11875028,-0.010684181
chr2:27259935:27259936,cg17206420,-0.010648761
chr1:159077244:159077245,cg07195224,-0.010506834
chr18:615471:615472,cg13483727,0.010497062
chr1:58547148:58547149,cg23211736,-0.010485552
chr17:28860948:28860949,cg27058882,0.010401452
chr3:102614650:102614651,cg25854527,0.010275819
chr12:124288690:124288691,cg25463779,-0.010241869
chr12:62190193:62190194,cg26133399,-0.010232224
chr8:139663831:139663832,cg06873980,0.010203315
chr10:122301318:122301319,cg03211864,0.010202669
chr13:77324272:77324273,cg26905258,0.010126338
chr22:32474163:32474164,cg21023126,-0.010102245
chr1:34784628:34784629,cg08650784,-0.010035313
chr2:40452442:40452443,cg14411266,0.010001646
chr6:42696682:42696683,cg14517133,-0.009988144
chr17:10731110:10731111,cg26234644,0.009870781
chr10:58818524:58818525,cg09578524,-0.009869069
chr14:103846221:103846222,cg03586793,-0.009864536
chr5:123099386:123099387,cg14071179,0.009783348
chr2:156319594:156319595,cg08077071,-0.009763195
chr2:232551523:232551524,cg07059784,-0.009759353
chr16:68995555:68995556,cg04427990,0.009679484
chr22:37580718:37580719,cg01646784,0.009632217
chr15:99130526:99130527,cg05106892,-0.009542111
chr1:216599916:216599917,cg07236221,-0.009422059
chr8:81731777:81731778,cg07583137,0.009257184
chr3:151770218:151770219,cg13696490,0.009182929
chr11:67056116:67056117,cg14283328,-0.009114453
chr4:156999324:156999325,cg12081645,0.009104752
chr14:59728589:59728590,cg09850101,-0.009014476
chr8:74824066:74824067,cg04893119,0.008994494
chr8:105322105:105322106,cg20988565,-0.008961415
chr3:45036157:45036158,cg00347798,0.008921776
chr6:36842702:36842703,cg15969901,-0.0089215
chr17:48958596:48958597,cg16167524,-0.008870878
chr20:8854156:8854157,cg27178677,0.008860735
chr6:133632467:133632468,cg04334496,0.008838088
chr6:28479330:28479331,cg12584458,0.008735001
chr7:157007179:157007180,cg05744332,0.008710377
chr6:116280500:116280501,cg00611548,0.00869872
chr3:119034246:119034247,cg09465834,0.008618195
chr14:51328214:51328215,cg16015593,-0.008612238
chr2:86792069:86792070,cg21648425,0.008609549
chr18:69957028:69957029,cg26848442,-0.008563449
chr15:59615228:59615229,cg25311764,-0.008389986
chr19:41196248:41196249,cg19430423,-0.008345176
chr6:149423694:149423695,cg08202165,-0.008321002
chr4:139296158:139296159,cg04006143,0.008288078
chr5:135190551:135190552,cg11291003,-0.008268181
chr17:1780130:1780131,cg18403478,-0.00820776
chr8:41309594:41309595,cg10406295,0.008163352
chr3:111803203:111803204,cg25711003,0.008112726
chr5:141364882:141364883,cg06575035,0.008066185
chr17:61324726:61324727,cg17712818,0.008036526
chr4:155442973:155442974,cg27179353,-0.007961298
chr18:31727996:31727997,cg00417323,0.007954265
chr14:91299480:91299481,cg08214927,0.007901201
chr5:72508111:72508112,cg15037004,-0.007807394
chr14:92517301:92517302,cg21113318,0.007801896
chr4:154553343:154553344,cg25555847,0.00774183
chr8:104506861:104506862,cg04905443,0.007731494
chr12:21643980:21643981,cg20759281,0.007692689
chr2:201413986:201413987,cg22007809,0.007628385
chr5:4212971:4212972,cg21615654,0.007504069
chr14:33946550:33946551,cg24170040,-0.00747716
chr7:112144423:112144424,cg25388451,-0.00743294
chr8:54882991:54882992,cg01651915,-0.007354565
chr7:41491557:41491558,cg13924998,0.007341124
chr9:81593338:81593339,cg14154784,0.007316845
chr5:95960446:95960447,cg14442492,0.007246247
chr6:45415953:45415954,cg22768222,-0.007241292
chr18:54828173:54828174,cg12377874,0.007231026
chr5:96298399:96298400,cg25539505,0.007183035
chr9:131025880:131025881,cg14616345,-0.007168627
chr7:130278207:130278208,cg13969674,-0.007158577
chr7:95525741:95525742,cg02805025,0.007132431
chr6:27957388:27957389,cg03340878,0.007044917
chr10:91153936:91153937,cg10668198,-0.006942713
chr5:150675382:150675383,cg15699693,0.006923411
chr10:13972419:13972420,cg20179726,-0.006920737
chr6:26225030:26225031,cg26092675,0.006896788
chr8:123202793:123202794,cg00831735,0.006808601
chr12:59736673:59736674,cg26090940,0.00677126
chr1:152757551:152757552,cg11137145,-0.006729649
chr2:71527362:71527363,cg14689456,-0.006714557
chr20:45255064:45255065,cg23480341,-0.006691991
chr5:137888595:137888596,cg10535132,0.006638755
chr6:45328364:45328365,cg01946401,-0.006556059
chr4:78552334:78552335,cg08908264,-0.006526897
chr15:81942006:81942007,cg25228737,-0.006463923
chr17:65106360:65106361,cg18264284,-0.006376732
chr3:116446096:116446097,cg04014686,-0.006290861
chr16:75594328:75594329,cg06664254,0.00628113
chr12:114698503:114698504,cg11199046,0.006228616
chr1:244450061:244450062,cg01012879,-0.00618163
chr3:128649298:128649299,cg17916418,-0.006149662
chr17:42535812:42535813,cg16347155,0.006141278
chr4:99352838:99352839,cg00689360,-0.006109521
chr9:69181083:69181084,cg14255824,-0.00610735
chr9:70414662:70414663,cg12706425,-0.006084396
chr21:29303863:29303864,cg03732014,0.006051109
chr12:117357558:117357559,cg11650135,-0.006033941
chr7:81950147:81950148,cg25161868,-0.006032237
chr4:40120211:40120212,cg21410980,-0.006015053
chr2:235031379:235031380,cg10926413,-0.005921969
chr4:139736419:139736420,cg17540159,-0.005917578
chr2:201698864:201698865,cg20169521,-0.005887367
chr1:114113421:114113422,cg22079827,-0.005868044
chr1:164766596:164766597,cg24719489,-0.005842548
chr7:114287474:114287475,cg23043162,0.005829881
chr3:155704181:155704182,cg18623216,0.005826349
chr17:48569082:48569083,cg01990102,-0.00581397
chr3:10326346:10326347,cg20235117,-0.005800104
chr6:27134162:27134163,cg04424621,-0.005655901
chr16:85027216:85027217,cg27466129,-0.005533398
chr3:100993501:100993502,cg21968765,-0.005509427
chr13:42780631:42780632,cg26529044,-0.005296219
chr7:46933102:46933103,cg25983901,0.00529067
chr15:59295347:59295348,cg24263283,0.005257936
chr1:32355726:32355727,cg06174704,-0.00518435
chr16:86681393:86681394,cg00622128,-0.005161146
chr12:129900189:129900190,cg08261450,-0.005140698
chr8:96387488:96387489,cg11508001,-0.005124343
chr11:130370770:130370771,cg14011244,-0.005000179
chr3:173739386:173739387,cg07452098,-0.004925409
chr6:149853079:149853080,cg24112628,-0.004878314
chr12:85836398:85836399,cg00310523,-0.004749064
chr3:170361550:170361551,cg17183770,0.004630921
chr4:146945368:146945369,cg08736088,0.0045615
chr4:76435022:76435023,cg19162496,-0.004554486
chr2:237869013:237869014,cg20002901,0.004467094
chr14:102462100:102462101,cg06819357,-0.004383907
chr6:17985177:17985178,cg18213495,-0.004380734
chr3:158099889:158099890,cg15726154,0.004364865
chr3:151340995:151340996,cg13229867,0.00430617
chr1:6612560:6612561,cg06778853,-0.004274505
chr6:132932117:132932118,cg07095347,-0.004250509
chr8:100105721:100105722,cg06569139,0.004223291
chr17:4904463:4904464,cg01835620,0.004172297
chr12:121580865:121580866,cg16837338,-0.004050276
chr2:196097123:196097124,cg07581680,-0.003927273
chr15:45714651:45714652,cg23538901,0.003839396
chr3:142595651:142595652,cg00063773,-0.00382033
chr2:18171916:18171917,cg18254183,-0.003815806
chr3:15441073:15441074,cg02930866,0.00379052
chr12:13049970:13049971,cg23510415,-0.00376884
chr2:206994325:206994326,cg20635389,0.003766445
chr9:14318499:14318500,cg14547509,-0.00376577
chr14:31025031:31025032,cg05081614,0.00375125
chr1:236396346:236396347,cg04311403,-0.0036981
chr8:107419930:107419931,cg13566150,-0.003664184
chr6:11651910:11651911,cg05256719,-0.003636726
chr10:124911397:124911398,cg07906193,-0.003626151
chr7:128890075:128890076,cg00139092,-0.003613392
chr1:165445569:165445570,cg12404281,0.003599767
chr8:93880385:93880386,cg10558233,-0.003529247
chr3:111559:111560,cg18405719,-0.003508432
chr3:16536219:16536220,cg06213060,0.003437878
chr13:24911243:24911244,cg13237068,0.003432726
chr2:190947593:190947594,cg03661409,0.00343261
chr13:110340649:110340650,cg22155786,-0.003393068
chr2:234616087:234616088,cg14714922,-0.003349289
chr3:64321854:64321855,cg00223245,-0.003280949
chr6:157379039:157379040,cg04762312,-0.003269804
chr4:87304682:87304683,cg09013032,0.003207814
chr7:124790699:124790700,cg05531482,-0.003196098
chr16:4053224:4053225,cg05765011,-0.003194862
chr17:10698684:10698685,cg12478185,0.003143516
chr10:77428453:77428454,cg02499967,-0.003132522
chr14:51239707:51239708,cg14836018,-0.003069927
chr6:156399175:156399176,cg01608493,0.003062281
chr22:49767475:49767476,cg17468267,-0.003052829
chr1:239719540:239719541,cg18853490,-0.00304455
chr12:92467286:92467287,cg03248292,-0.003033673
chr4:181509662:181509663,cg02846963,-0.003027767
chr3:195906044:195906045,cg15065340,0.003017952
chr1:179293327:179293328,cg02275294,-0.002816243
chr1:156863371:156863372,cg24707200,-0.002790397
chr14:28778499:28778500,cg24154325,0.00278084
chr6:123770054:123770055,cg19680308,-0.002680812
chr9:133032595:133032596,cg21191275,0.002677917
chr3:46895165:46895166,cg02527881,-0.002658087
chr22:45344428:45344429,cg02339083,0.002642137
chr5:170389788:170389789,cg22646937,0.002582683
chr17:69609357:69609358,cg00059652,0.002572655
chr17:50173284:50173285,cg27224791,-0.002528605
chr16:10661180:10661181,cg27160920,-0.002520567
chr2:26850385:26850386,cg08802533,0.002456372
chr10:127999576:127999577,cg11659652,-0.002444538
chr4:118905148:118905149,cg08774280,-0.002391706
chr1:244802652:244802653,cg08239426,0.002380597
chr5:159029309:159029310,cg11286669,0.002364063
chr15:64993331:64993332,cg27192248,0.002362433
chr6:12279639:12279640,cg17617182,0.00233062
chr4:185535822:185535823,cg17264240,0.002314854
chr16:31460734:31460735,cg03042477,-0.002280465
chr3:46368931:46368932,cg17786516,0.002216613
chr21:39660469:39660470,cg26390598,-0.002181409
chr2:147843526:147843527,cg14420245,0.002080285
chr21:20999913:20999914,cg18345924,0.002068861
chr1:65440987:65440988,cg03050981,-0.001988058
chr5:43602014:43602015,cg14580628,0.001895538
chr3:63101569:63101570,cg02700130,-0.001880824
chr4:87059145:87059146,cg08494390,0.001841667
chr5:151676778:151676779,cg21877464,0.00182879
chr3:53128874:53128875,cg02867145,0.00182215
chr5:91073418:91073419,cg24708882,-0.001816502
chr13:21062979:21062980,cg00666749,-0.001794699
chr5:141382662:141382663,cg18164784,0.001792078
chr14:81435196:81435197,cg22820364,-0.001699571
chr13:27556256:27556257,cg06394460,0.001638492
chr10:132849057:132849058,cg20595634,-0.001628172
chr3:98594672:98594673,cg10752508,0.001605097
chr2:20577070:20577071,cg23119026,-0.001598343
chr2:162342801:162342802,cg03452895,0.001500077
chr3:481692:481693,cg03384440,-0.001493685
chr12:129837833:129837834,cg07067993,-0.001474613
chr2:205776906:205776907,cg25320169,-0.001473297
chr3:147378343:147378344,cg25645064,0.001352739
chr8:71362380:71362381,cg24611608,0.001297031
chr9:135639666:135639667,cg06155641,-0.00129434
chr7:154794625:154794626,cg17843376,0.001272156
chr4:153204301:153204302,cg22471112,0.001265972
chr12:103586239:103586240,cg23227824,-0.001242265
chr16:57462412:57462413,cg08578520,0.001221925
chr18:12656825:12656826,cg13924974,0.001212473
chr10:62234161:62234162,cg09695307,0.001208869
chr3:55660926:55660927,cg01271805,-0.001202718
chr3:111978690:111978691,cg10672681,0.001193578
chr4:187236013:187236014,cg21351437,-0.001147255
chr2:238644765:238644766,cg14580085,0.001126306
chr11:119266569:119266570,cg24223075,-0.001114706
chr7:28299138:28299139,cg10822172,0.001107564
chr8:41735455:41735456,cg20468415,0.001101307
chr17:19942325:19942326,cg16690876,0.001095195
chr15:75175656:75175657,cg01361499,0.001039159
chr10:114684704:114684705,cg01185921,0.001009796
chr15:100721957:100721958,cg05575505,-0.000994422
chr3:194691793:194691794,cg09217898,-0.000991827
chr10:20575764:20575765,cg14734668,-0.000897574
chr10:22631096:22631097,cg04813697,0.000865705
chr14:23353199:23353200,cg19573166,-0.000826008
chr2:66430781:66430782,cg10835286,-0.000783778
chr15:74752785:74752786,cg01359532,-0.000750875
chr2:68765245:68765246,cg07914962,-0.00072883
chr6:44342190:44342191,cg14669524,-0.000688498
chr22:24583996:24583997,cg22764925,-0.000646323
chr10:69409327:69409328,cg06971773,-0.00063367
chr5:111513406:111513407,cg11925263,-0.000585189
chr1:63592943:63592944,cg24370698,0.000556613
chr20:64043914:64043915,cg00632560,0.000517046
chr4:175988828:175988829,cg24630825,-0.000468499
chr12:113966795:113966796,cg04596060,-0.000464151
chr7:73827399:73827400,cg20038219,-0.000453971
chr2:64064666:64064667,cg26099045,-0.000439335
chr7:30134193:30134194,cg02203380,0.000313992
chr16:85220494:85220495,cg05691543,-0.000313465
chr18:7566260:7566261,cg25279586,-0.000299193
chr1:181100440:181100441,cg09862509,-0.000295286
chr1:119894467:119894468,cg07814932,-0.000268118
chr4:174714650:174714651,cg22747507,-0.000235431
chr11:124898658:124898659,cg03572680,-0.000169628
chr2:160564476:160564477,cg15657100,0.000135772
chr2:79782801:79782802,cg13391675,0.000135179
chr10:13484236:13484237,cg24951886,0.00011833
chr3:55306371:55306372,cg03046611,-8.36E-05
chr6:54018128:54018129,cg15046909,-7.78E-05
chr16:75116935:75116936,cg03743982,-4.75E-05
chr14:53151701:53151702,cg01268763,3.14E-05
chr7:37450048:37450049,cg01552551,2.43E-05
chr2:46338955:46338956,cg10107473,-2.29E-05
chr1:178263721:178263722,cg22685215,9.21E-06
